{
    "precision": [
        0.2603115220367782,
        0.25671829094463366,
        0.25553267375019467,
        0.2587914330788699,
        0.25262811989018014,
        0.24295070984567307,
        0.2362672116737389,
        0.23030903771818528,
        0.2202014356349248,
        0.21832375860155853,
        0.2170448531131246
    ],
    "recall": [
        0.31210783660783653,
        0.2998854448021114,
        0.32346663703036227,
        0.33335310858350053,
        0.34017365532071386,
        0.33607227830267034,
        0.33478215484588025,
        0.3370043770681025,
        0.3395846239816827,
        0.34615428888468097,
        0.344652253882646
    ],
    "f_measure": [
        0.23264748017873482,
        0.22678770106063106,
        0.23380041045040387,
        0.23915231862130593,
        0.23965726527326767,
        0.23241990844097413,
        0.2293032206144158,
        0.22677804569050938,
        0.22315208399177416,
        0.2232886961705937,
        0.22177092168636325
    ],
    "r_precision": [
        0.21536456136456136,
        0.20863676755343416,
        0.2044321961625884,
        0.20358514198220087,
        0.18779661261033817,
        0.1766149886787142,
        0.15975002031374577,
        0.15953838010210558,
        0.152993406557132,
        0.14896871519910732,
        0.14258731265103802
    ],
    "failure_ratio": [
        0.004271742144573443,
        0.004009936250106827,
        0.004568501881225591,
        0.004756631076969221,
        0.0049225765149051364,
        0.005063009679294822,
        0.005232159805330179,
        0.005394866723723872,
        0.005679382963993363,
        0.005912482628884237,
        0.0060691104583038905
    ],
    "time": [
        21.843202153331548,
        17.317956686019897,
        13.597273349761963,
        8.503930568695068,
        6.76981520652771,
        6.731377840042114,
        3.327759027481079,
        2.810483455657959,
        3.2235372066497803,
        3.326258659362793,
        3.6138880252838135
    ]
}